feature,xy_dependence,xd_dependence
int_rate,0.03681862248777423,0.0013947370194073994
funded_amnt,0.010300823166312423,0.003952218089632309
loan duration,0.048211647205196106,0.030266231344421524
issue_d,0.03459190343862173,0.024892296713851403
dti,0.004303783231716762,0.0002681462022089409
