feature,grid_x,sp_diff,ci_low,ci_high,p_value,significant,n_group0,n_group1
issue_d,2013.0,0.022875040769577026,0.02206893414258957,0.023539531975984573,0.0,True,546877,539359
issue_d,2015.0,0.020787835121154785,0.02003070041537285,0.02150353044271469,0.0,True,546877,539359
issue_d,2016.0,0.020785659551620483,0.02007327750325203,0.021471262723207474,0.0,True,546877,539359
issue_d,2017.0,0.024054378271102905,0.023378399759531023,0.024788137525320053,0.0,True,546877,539359
issue_d,2018.0,0.029230564832687378,0.028539963811635972,0.029922236502170563,0.0,True,546877,539359
