feature,grid_x,sp_diff,ci_low,ci_high,p_value,significant,n_group0,n_group1
dti,5.1,0.022254228591918945,0.02144448533654213,0.022926825284957885,0.0,True,546877,539359
dti,12.06,0.023248255252838135,0.02252972349524498,0.02390681058168411,0.0,True,546877,539359
dti,17.92,0.021018773317337036,0.020333901047706604,0.021678443253040313,0.0,True,546877,539359
dti,24.42,0.024352192878723145,0.023672549426555632,0.025015228241682053,0.0,True,546877,539359
dti,32.96,0.025605738162994385,0.024932830780744552,0.02629047855734825,0.0,True,546877,539359
