feature,grid_x,sp_diff,ci_low,ci_high,p_value,significant,n_group0,n_group1
int_rate,6.99,0.018402308225631714,0.017889464646577834,0.018925616145133974,0.0,True,546877,539359
int_rate,10.49,0.020642846822738647,0.02008398696780205,0.021153578907251357,0.0,True,546877,539359
int_rate,13.33,0.023967266082763672,0.023410804569721222,0.024453680217266082,0.0,True,546877,539359
int_rate,16.91,0.023378998041152954,0.022835679352283478,0.02393701672554016,0.0,True,546877,539359
int_rate,23.1,0.025041401386260986,0.024485445022583006,0.025604087114334106,0.0,True,546877,539359
