feature,grid_x,sp_diff,ci_low,ci_high,p_value,significant,n_group0,n_group1
loan duration,0.0,0.022585034370422363,0.021806643903255464,0.023269155621528627,0.0,True,546877,539359
loan duration,1.0,0.028698503971099854,0.027999743819236755,0.02932686060667038,0.0,True,546877,539359
