feature,grid_x,sp_diff,ci_low,ci_high,p_value,significant,n_group0,n_group1
funded_amnt,3600.0,0.023660331964492798,0.022898560762405394,0.02436215877532959,0.0,True,546877,539359
funded_amnt,8350.0,0.02306443452835083,0.022410261631011962,0.023730813711881637,0.0,True,546877,539359
funded_amnt,14400.0,0.022975295782089233,0.022311247140169143,0.023623711615800857,0.0,True,546877,539359
funded_amnt,22000.0,0.025580793619155884,0.024856070429086684,0.02627589777112007,0.0,True,546877,539359
funded_amnt,35000.0,0.032350897789001465,0.0316924974322319,0.03313666880130768,0.0,True,546877,539359
