{
  "roc_auc": 0.5129752852206702,
  "pr_auc": 0.2132175933742263,
  "n_test": 217248
}