{
  "roc_auc": 0.7426067147465027,
  "pr_auc": 0.435663999147923,
  "n_test": 217248
}